feature,score
$,0.15047285947374578
0,0.010369162386356726
1,0.5181598217417325
100,0.09278961332234298
146,0.13642022637385076
16251273,0.08841870387506343
18004150,0.07817920069075537
2,0.3993180241501322
2014,0.04798532890958958
2015,0.025411589568171456
2016,0.025411589568171456
224,0.09672530405487449
23326562,0.1377534564116447
3,0.24213926788652046
330,0.12630400968433184
33445383,0.16294901721669736
4,0.3184370693240661
404,0.17539832081884596
4b,0.18262614825257806
5,0.25341426598363037
500,0.18645887952364582
5em,0.16044593023923248
6,0.027399107574758226
600,0.09322943976182291
662,0.1384015195790073
7,0.07817920069075537
70,0.17505182553629456
8,0.19981401771108484
8134679,0.11447962280546636
873661,0.18325655146048772
9,0.13699553787379115
9417836,0.18325655146048772
@cemartins,0.0537589368502286
@code,0.9706994931384644
@impl,0.14090255517466227
@inherit,1.728224797439489
@link,3.7254933900661396
@override,0.0696371239504368
@param,0.6203580553364303
@post,1.4999727132019938
@return,0.5983569155671051
@see,0.1024615992490429
a,4.3228978460752785
a4,0.16208737882308522
abbrevaition,1.2747560839533685
abbreviate,1.2146239892277302
abbreviated,0.12833950738012967
abbreviation,0.45190079737030203
abbreviations,1.253737264750547
abbriviations,0.08191664321425672
able,0.16179716100307642
aborted,0.13879640484432004
about,0.6637180774574387
above,0.35919382782014597
abstract,0.517501011887491
accelerator,0.06330470418206487
accept,0.22888908548177062
acceptable,0.9120790947186087
accepted,0.17084270603419582
acceptor,1.929477093356576
access,1.5015081153968182
accessed,0.05358637990449564
accessor,0.3587247097325842
according,0.15324073286095952
account,0.15934079934818066
action,0.05511242517429997
actions,1.3068048417502496
activate,0.15622207040847322
activated,0.11261863317531712
active,0.6193788940294246
actual,0.76229368131026
actually,0.2529312034379723
adapted,0.17616944363012846
adapter,0.21756712194768113
add,0.4256898069462244
added,0.22178868438443147
adding,1.4624820098270996
addition,0.0321619823409267
additional,0.20862191599085742
additionally,0.1278461360664427
adds,0.2404073734904127
advanced,0.29876439016627243
advised,0.09448128663231262
affects,0.12861753701495404
after,1.405154702905718
afterwards,0.24423248564378888
again,0.5323953681971645
against,0.07630957633501195
ai,0.1407852076130846
aka,0.09419631561452411
al,1.070661118203127
alert,0.9351772166094894
algorithm,0.1333814451677065
alias,0.08719977281057067
align,0.16044593023923248
alive,0.027399107574758226
all,0.4857644010311738
allow,0.21860886035639826
allowed,0.6220812498894752
allows,0.2347571482459641
almost,0.05652079208973432
alone,0.3269610063853676
already,0.8323447326787149
also,1.7592003021344418
alt,1.1154408284369404
although,0.2682254971006406
always,1.3523085617122197
an,1.766376896438348
analyzed,0.1363323737491105
anchor,0.1781303224014503
and,2.5056344557049393
anew,0.12068431503601965
animation,0.043623545318116415
annotation,0.3763199789099918
annotations,0.4057797472069832
another,0.8573635460538789
any,0.03492737374812584
anymore,0.15202750018204364
anything,0.026461634352434232
anyway,0.40236314200748746
apache,0.28324266697492645
api,0.41899144198688676
app,0.2084216560651978
apparently,0.13264391010883378
appearance,0.908063286596871
appears,0.18381377416524855
append,0.404742572665595
appended,0.13607401886727033
applicable,0.07421004883302586
application,0.2617965259439726
applications,0.6732267272535248
applying,0.14848489387584404
approach,0.116574340322141
appropriate,0.45988968187847895
ar,0.9838199573934436
arbitrary,0.15559481932710562
archive,0.2048920283438978
are,0.24896975214978156
area,0.018018479096367754
arguments,1.0033872468087677
arising,0.07057214229495437
around,0.18264059722332732
array,1.0333159846074444
arrow,2.409013104761951
article,0.27122584770543107
articles,0.11838345190338288
as,3.846451282343824
asdf,0.14893051754001088
ask,0.24183248189054646
asked,0.299087832301562
asks,0.13384611815310188
aspect,0.16208737882308522
assigned,0.0032676998213002862
assignment,0.4853307784959152
associated,0.06503623525106042
assuming,0.16208737882308522
asterisk,0.17137007946237492
async,0.4747582954978654
asynchronous,0.09115849842077527
at,0.8489709230051332
attached,0.036186960540676695
attaches,0.09718783794912321
attempt,0.061988910722332605
attempted,0.3717893172421015
author,0.18682508345468263
authors,0.027196331583001
auto,60.2203968849244
autocomplete,0.09419631561452411
autocompleter,1.5142624155522308
autocompletion,0.07556588413242714
autodecting,0.1419601000542573
automated,0.12488466248476437
automatically,0.015415581136032669
autosave,0.5209700412167818
aux,0.29627517859677593
available,0.07845243975353408
avoids,0.08976687151253597
awt,0.07817920069075537
b,0.3433213396537187
back,0.23064701026388887
backed,0.1635609785299783
background,0.12166315224515281
backup,0.5238213794806917
backwards,0.27020997550699705
bar,0.24688668147578052
base,0.0142767348616545
based,1.6301992323445158
basepanel,0.25688062336130224
basic,0.14596121191991707
basically,0.2022445092912138
be,3.2001092527829913
because,0.6224607418697728
become,0.17262792155827825
becomes,0.15817397399222688
been,1.7108691147250297
before,0.3352024555896773
beginning,0.1051069142066206
behave,0.15476832708329188
behavior,1.0549993062998084
behaviour,0.23674889215877015
behind,0.17137007946237492
being,0.15761348575248138
below,0.2803966148708854
benefit,0.11919597864498607
best,0.19860745497825874
better,0.2150107395479643
between,0.005973841415069141
bib,1.252911754010983
bibliographic,0.16921318860077178
bibliography,0.40932053738930196
bibtex,0.9142568165406546
bidirectional,0.18526548265074477
binary,0.09597065781917916
bind,0.28940862989523397
bindable,0.06553798316356782
binding,0.048106892159824846
bindings,1.2284604117086453
binds,0.10953164107769714
bit,0.10493082712345812
bitbucket,0.12630400968433184
blank,0.15047285947374578
blanks,0.15047285947374578
blob,0.1836580795134523
blue,0.3261005466372949
blurry,0.09269151847346203
bob,0.06416975369006483
body,0.5911619002139634
bold,1.495972221743787
bookmark,1.4907019543333733
boolean,0.14140763184119065
bootstrap,0.10222441117339517
bootstraps,0.49513528776512394
both,0.1613419544869829
bottom,0.3767962342955945
bounds,0.5833750401044754
box,0.07613292473917264
boxes,1.490033829268578
bps,0.1928954052009832
br,0.4536835321050686
break,0.0696371239504368
browse,0.11447962280546636
browser,0.17290144232042223
browsers,0.06807517844706962
bsd,0.0537589368502286
btn,0.13107596632713564
bug,0.2929569259280449
bugs,0.11447962280546636
build,0.98198404930713
builder,0.09708046999272203
building,0.19659740506184914
builds,0.11919597864498607
built,0.27868308355335847
bunch,0.4969838687271255
bundle,0.11514992425787357
bus,0.06096504130152
business,0.04798532890958958
but,1.6157624209262085
button,0.6404968088481209
buttons,0.054139443746085834
by,0.451637765154856
bye,1.7771278291487822
c,0.12661668130730433
cache,0.18218665264680697
calculate,0.08133754033066823
calculation,0.9983788410839677
call,0.5528986005873746
callable,0.34394461726875314
callables,0.4130438434218476
callback,0.19800160481798068
called,1.545775163458472
caller,0.20772461579319312
callers,0.12517021589802463
calling,0.142637859095781
calls,0.7714696324789977
came,0.21081411531561622
can,1.8932195572159318
canceable,0.06637531213790931
cancel,0.5138484160184914
canceled,0.5400178010883556
cannot,0.03448550902834053
capability,0.036186960540676695
captions,0.1973000497577861
cards,0.20319149580948406
care,0.22111902532164812
carlos,0.0537589368502286
case,0.7342129960438801
cast,0.14789704817338856
catastrophic,0.06874458685570348
catch,0.34415791528831846
cause,0.18000860331815988
caused,0.04798532890958958
causes,0.12068431503601965
causing,1.205812364066153
ce,0.000854084540549378
cell,1.249841606734979
center,0.5793907640843943
certain,0.0881156420696792
change,0.019466171234502623
changed,0.4527568174614185
changelog,0.06485599881300887
changer,0.2622697396249051
changes,0.31388832211299417
changing,0.14663251453872866
character,0.9421988958064125
characteristics,0.14277760891142716
characters,0.003030194588751821
charge,0.027196331583001
check,0.3798348546023906
checkbox,5.935462679212273e-06
checked,0.08909326573833969
checking,0.2315980680210645
checks,0.00104958857091794
child,0.02930157108918241
children,0.15779981928022985
choice,0.28679935406840706
choices,0.06471233709261826
choose,0.17083985497846477
chooser,1.5639946252474564
choosing,0.059215682800705466
chosen,0.8088381931625948
circle,4.338641874205845
citation,1.652637226812335
citations,0.2741617787420435
cite,0.2788818711536911
cited,0.615087816823983
claim,0.027196331583001
class,1.555773397781985
classes,0.1515259037894445
classpath,0.11891680661152515
clause,0.0537589368502286
cleaner,1.7393829369323817
cleanup,0.35488018447736086
cleanups,0.1564129568619369
clear,0.17432634367364253
cleared,0.4809274267883856
clears,1.6703545741217822
click,0.5320801830545141
clicked,0.16532640706799465
clicking,0.06637531213790931
clicks,0.18193266990657644
client,0.14480268820296266
clipboard,0.6526023588744754
cloned,1.3289296977537697
close,0.4997942563802279
closed,0.2820417755750342
closes,0.20486986515800182
closing,0.22371553706732583
cloud,1.728224797439489
cmd,0.059215682800705466
code,0.36398437921949
codearea,0.0537589368502286
collapse,1.1069899979999713
collect,0.5864936588191887
collected,0.1943087513316053
collection,0.44093291424195546
collectors,0.048540234996361016
color,0.17530771123043126
colors,0.22557740528491993
column,0.013870609525065573
columns,0.4375144820332547
com,0.6984218945868352
combination,0.0001232425874767423
combinations,0.04359988640528534
combobox,0.14875069343377642
comboboxes,0.20746892837079195
come,0.1024615992490429
command,1.563153288314782
commands,0.23425579972978708
comment,0.17218270689107218
common,0.116574340322141
commons,0.16224016934519345
comparator,0.23753794220983768
compare,0.2785408966247229
compares,0.14666577875597436
compatibility,0.27020997550699705
compatible,0.15879328721393796
complete,0.5211927092388158
completely,0.1363323737491105
completer,0.07494331362418179
completion,0.343651912203511
completions,0.3306092984754365
complex,0.10725714147877748
complexity,0.09506180972206682
comply,0.1884586862043377
component,0.3645210798994867
components,0.31128697721003795
compound,0.4451202094999064
compount,0.03990298191470087
computed,0.18371629705410225
concatenates,0.14399937733287788
concept,0.1520919103058172
concerned,0.3103132650808373
conclude,0.0941405699180599
concrete,0.14256062762347146
concurrent,0.10511358811666056
conditions,0.16251582655604196
configurable,0.16873580454097376
configuration,0.3625084793941976
configure,1.8634282178841275
configures,0.15789232697911254
confirm,0.07594255934999776
confirmation,0.7878259142919274
connect,0.5342181677026645
connection,0.41151292140840856
connector,1.929477093356576
consent,0.28483899025960024
consequences,0.06874458685570348
consequential,0.04798532890958958
consistency,0.09672530405487449
console,0.23288079470507766
constant,1.372880593017296
constants,0.22529985162765398
constrained,0.11304158417946863
construct,0.012173059539587298
constructed,0.3060095318149236
constructor,0.0005977931402371375
constructs,0.5910177336093759
consults,0.05749194768645746
consumer,0.4458009546521022
consumption,0.05358637990449564
contact,0.21873022087413374
contain,0.17537480876549194
contained,0.12203136323257932
container,0.044448461996135884
containing,0.9678608664636527
contains,0.8570719496750066
content,0.028578238613850657
contents,0.00152323772619351
context,0.07275535992018334
contract,0.07057214229495437
contrast,0.10572288727909769
contributors,0.09597065781917916
control,0.0014765323362486218
controls,0.4317127042084722
controlsfx,0.5080312746057825
convenience,0.142637859095781
conversion,0.16234876429003914
conversions,0.14663251453872866
convert,0.23372935376010007
converted,0.17361176107392115
converter,0.8020005536317192
converting,0.20210366685968306
converts,0.3539137295913452
copied,0.2570879007028842
copies,0.8147936236062592
copy,0.5940913300944676
copying,1.670932620627882
copyright,0.257688269015407
corda,0.21720403230444402
corporation,0.027196331583001
correct,0.8273358183755568
correctly,0.9606935543827542
corresponding,0.07355917087448573
could,0.7139225433224847
count,0.2697611363726379
cppuhelper,0.10222441117339517
cpu,0.1382026921341294
crashes,0.06874458685570348
create,0.24428107689663572
created,0.3695146146488602
creates,0.3209760094729827
creating,0.27322407814750604
creation,0.12861753701495404
critical,0.10870273866700918
crossref,2.148801832800825
css,8.550134306767122
ctrl,0.6319449791684916
current,0.016931608883493352
currently,0.007466002149936887
custom,0.6680543228534779
customizable,0.18551718764489208
customization,0.44240235082227236
cut,0.284217482430666
d,0.06381620929061776
damage,0.04798532890958958
damages,0.07057214229495437
data,0.5757939983865605
database,0.7636924911654351
databases,0.008649477260966721
date,0.5595507565772068
dates,0.1896191819662541
datetime,0.023120013222204108
db,0.001430586093448526
deactivated,0.19697836635429408
deal,0.027196331583001
dealings,0.027196331583001
decide,0.41287290965200363
decides,0.07261614139504297
decoration,0.23829729875646416
decrease,0.14760726978497898
deep,0.20331790139518552
default,0.544085598586062
defaults,0.3293284504957721
define,0.48601660034636324
defined,1.0587439385959547
defines,0.4401455662460404
definitely,0.6389682408520342
delay,0.15817397399222688
delete,0.5594293756925802
deleted,0.39859223259901816
deleting,0.10258093671568483
delimiter,0.03990298191470087
delivers,0.3306092984754365
demos,0.0537589368502286
depend,0.33868667346381603
dependencies,0.38593264086170176
dependency,0.23174751326977835
dependent,0.29550263697874973
depending,0.5114785616840837
deprecated,0.20499140284317882
derived,0.04798532890958958
describe,0.22466053597564362
described,0.14848489387584404
describer,1.189973875173679
description,0.24820212794148738
designed,0.09115849842077527
desired,0.45106984562435287
desktop,0.15635840138151075
destination,0.27123965999857247
detailed,0.048540234996361016
detailing,0.1907380073988741
details,0.11464960123663906
detect,1.4674451423054689
detecting,0.2257069614198373
detection,0.05605543452209981
determine,0.10495729515348812
deterministic,0.09115849842077527
dev,0.16491635729709314
developers,0.08245817864854657
dialog,0.5081052913550346
dialog3,0.12068431503601965
dialogs,0.7610318049805462
did,2.4008311804615814
different,1.3648090093101892
dir,0.5203071186285344
direct,0.04798532890958958
directly,0.20698342829765737
directories,0.07630957633501195
directory,0.013626889062923149
disable,0.2600683629467682
disabled,0.21054096616831808
disables,0.3249302726456635
disclaimed,0.04798532890958958
disclaimer,0.09597065781917916
disk,0.44455298788912645
dismissed,0.29223629993631695
dispatch,0.262462104333722
display,0.10907284931464417
displayed,1.1198397145454602
displaying,0.20934457153775046
displays,0.2752368370016626
disposed,0.09902289281928839
distributable,0.11891680661152515
distribute,0.027196331583001
distribution,0.04798532890958958
divider,0.4095127458146804
djabref,0.09900671459298607
dlib,0.28483899025960024
do,1.7341248775371154
doc,1.728224797439489
dock,0.059215682800705466
docs,0.22548160773380205
document,0.09948024018530008
documentation,0.07057214229495437
does,1.4021998337696264
doesn,0.4733709804334314
doi,0.738378194650034
doing,0.154882076387506
dois,0.12145009799799289
domain,0.11001929937058974
don,0.7562042836902891
done,0.11876105907983561
double,0.06096504130152
down,0.32813111082355184
download,0.22698561171321685
downloads,0.09718783794912321
drag,0.0011446597171071618
dragboard,0.2416109905688116
drivers,0.7521671877223679
drop,0.8101386928851758
droped,0.07261614139504297
dropping,0.153803834158637
drops,0.2468474097801361
due,0.16886961129035244
dummy,0.3043630190765911
duplicate,0.4240782235678539
duplicates,0.2967644710806221
during,0.3085944866621672
e,0.8210379883840184
each,0.07024442065335186
easier,0.142637859095781
easy,0.11486825484670317
easybind,0.18290703789165616
edit,1.0418375100507333
editable,0.011059141020515636
edited,0.5446521280320171
editing,0.30377496316105357
editor,0.6840788962681226
editors,0.8147682548839196
edvin,0.023120013222204108
effect,0.059215682800705466
effects,0.3362807724131725
either,0.7385944344024487
element,0.05358637990449564
elements,0.12211556125784877
else,0.14757662766885285
elsewhere,0.10870273866700918
email,0.159527163408793
empty,1.5773304729899646
enable,0.356371723355168
enabled,0.43559558325841835
enables,0.15047285947374578
enabling,0.06096504130152
encoding,0.13031385620906236
end,0.013141636052372493
endorse,0.04798532890958958
ends,0.16753071473245512
enough,0.0970922736899286
enrich,0.20549863997544543
enriched,0.023120013222204108
enriches,0.17622145672409623
ensure,0.8805109159202099
ensured,0.1024615992490429
ensures,0.294703978068876
ensuring,0.036186960540676695
enter,0.00024242996777409053
entered,0.14322033441091317
entire,0.05605543452209981
entries,0.17522498963567565
entry,0.43589956470161095
enum,1.372880593017296
enums,0.14129800519353147
environment,0.5833750401044754
equal,0.196839669370882
error,0.01184249667205316
errors,0.9485054891792986
escaping,0.08376535736622756
especially,0.15154076088816276
essentially,0.2544209000742433
et,1.070661118203127
etc,0.2640331104430184
even,0.787793841749713
event,0.9281999567019484
events,0.06096504130152
every,0.220405496617955
everything,0.06467918829706347
ex,0.23357710180856472
exact,0.19477179751748522
exactly,0.08612206193625488
example,0.4636684372955022
examples,0.22226902094952344
excel,1.905335132510642
except,0.08384045001741997
exception,0.18440365194617078
exceptional,0.12130029845338663
excluding,0.09430921057990811
executable,0.32946065306312766
execute,0.27440725671228783
executed,0.6175344952659487
executes,0.17100706329480503
executor,0.20541630689126752
exemplary,0.04798532890958958
exist,0.03543088884842109
existing,0.0011823155812057584
exists,0.04539347926518408
exit,0.2614898268547491
expand,0.14168509811338353
expandable,0.12429880782266575
expandtab,0.14641048075311888
expansion,0.19267533615563198
expected,0.12987992507511212
explicit,0.15555915994843456
explicitly,0.1769843739759276
explorer,0.16464576290278543
export,0.9474578242674137
exporter,0.8699223960062314
exporters,1.1755311379193099
exporting,0.12012258347301799
exports,0.15559481932710562
express,0.07057214229495437
expression,0.22466053597564362
extend,0.1488960903117667
extended,0.8267291254285105
extension,0.624246489737877
extensions,0.15223999590105566
external,0.002840079256151138
externalfiletype,0.10493082712345812
externally,0.3285430868451483
extract,0.6778789043856669
eye,0.3500390748701663
factory,0.49427969944912353
fade,0.20461274814542976
fail,0.22280228327395474
failed,0.34838331443445847
fails,0.10162788582592083
fallback,0.12084986917550695
false,0.0098079290772545
far,0.08709179043328409
feature,0.23604268851157634
features,0.11135976058293315
fetch,0.28633391937049063
fetcher,0.20028785593300552
fetches,0.15789232697911254
fetching,0.16921318860077178
few,0.13276107776665902
field,0.5345369337776543
fields,0.11707044993359231
figure,0.08133754033066823
file,0.21565168348608915
filechooser,0.12345438841708249
filefilter,0.05749194768645746
filename,0.9662713587462477
files,1.7398824549624425
filesystem,0.0802011521475998
fill,0.211144572462884
fills,0.23599029920045655
filter,0.19701154929888032
final,0.30815465710156714
finally,0.10835222586336143
find,0.030155191388896538
finds,0.11540994499344573
finish,0.34747103967645976
finished,0.4444422814910335
first,0.14229713111100156
firstname,0.12365538570026938
fit,0.23425579972978708
fitness,0.07057214229495437
fits,0.1125619850425564
fitting,0.11540994499344573
fix,0.04765941295563137
fixed,0.14893051754001088
fixme,0.8447874801221189
flavor,0.05605543452209981
flavors,0.05605543452209981
flexible,0.061988910722332605
flipped,0.3180788939141023
float,0.21670409427785597
fluid,0.0881156420696792
focus,0.8560952901936704
focused,0.06569048603778034
focuses,3.1532601967516483
folder,0.29412976777151545
following,0.764331371047847
font,0.0199393501917397
fonts,0.09269151847346203
fool,0.12429880782266575
footnote,0.38634311705264485
footnotes,0.19221513825899741
for,1.5188897522493257
force,0.1211647197282236
form,0.32259760687621597
format,0.8758242897044124
formats,0.3813122918154028
formatted,0.14399937733287788
formatter,0.32762005361957797
formatters,0.12012258347301799
forms,0.04798532890958958
forwarded,0.15157725046725679
found,0.05064448456520339
frame,0.02324985266586824
free,0.027196331583001
from,1.854644890607399
full,0.22638858832529368
fulltext,0.1480344413499907
fully,0.08112008467259672
function,0.9634388018202296
functionalities,0.04262165143298105
functionality,0.15066800269569036
functions,0.14663251453872866
furnished,0.027196331583001
future,1.2118852953942392
fx,0.9627433537410696
fxcollections,0.08601156918344122
fxdialog,0.10725714147877748
fxmisc,0.3824358767482112
fxml,0.26016658485022465
fxmlloader,0.050138547887009735
g,0.4304100214532694
garbage,0.1943087513316053
gather,0.18988629215437575
general,0.023258228178112957
generate,0.30640377082087805
generated,69.29190490796732
generates,0.19432962164657136
generating,0.14840383251650227
generation,0.4422540886879544
generic,0.5660594341362859
gesture,0.153803834158637
get,0.22238388433907819
gets,0.14676014513746558
getting,0.10870273866700918
github,0.5166043278660276
give,0.01927765977733258
given,0.6550899269242126
gives,0.553606580987715
global,0.6176343300773096
globally,0.45008697957169175
globals,0.4047038929873015
go,0.5650081011194321
going,0.2916344187655912
good,1.1977243873917047
goods,0.04798532890958958
google,0.7791304585633522
got,0.31496570491654224
gotten,0.15223999590105566
grab,0.1211647197282236
gradle,0.027399107574758226
granted,0.027196331583001
graph,0.2203249038233644
graphic,0.7734770916852095
graphical,0.08744047371388702
graphics,0.014747440169003107
group,0.5481260196287701
groups,0.7793518296000759
guava,0.08112008467259672
guess,0.45623771159420223
gui,0.33568675907358786
guide,0.08245817864854657
guiglobals,0.2105331368519802
hack,0.3774488909023479
had,1.3271996156587895
hand,0.22469091432287736
handle,0.3144126701542265
handled,0.20169675854985003
handler,0.8029978254779475
handles,0.462262201672791
handling,0.09896319707614042
happen,0.6143998880969813
happens,0.25692886327722286
happy,1.073556787450717
harder,0.0881156420696792
harvest,0.09419631561452411
has,1.7211910205579501
hash,1.2070127372683717
hashtable,0.142637859095781
hasn,0.1541982894607228
hates,0.09269151847346203
have,2.5621036667913724
he,0.2033308748699149
header,0.18358366311962077
headings,4.609907627070893
heavy,0.03990298191470087
height,0.6203733031032832
held,0.09521656564461796
help,0.5007279365110053
helper,0.28327240103669604
helpful,0.027399107574758226
helps,0.2415109369104476
hence,0.08601156918344122
here,0.062214967571274295
hereby,0.027196331583001
heuristic,0.1519182753712907
hidden,0.3022808515467871
hide,0.5330609127493946
hierarchical,1.144442247735125
hierarchies,0.08245817864854657
higher,0.05358637990449564
highlight,0.05675089001096566
highlighting,0.0537589368502286
highly,0.16284033401566594
him,0.06485599881300887
hinders,0.1125619850425564
his,0.11875659697610394
hit,0.08133754033066823
hits,0.24401262099200466
holders,0.07057214229495437
holding,0.17601557138725446
holds,0.2725081944339385
horizontal,0.1918886494957228
hosts,0.06096504130152
how,0.023120013222204108
however,0.09709743039947014
href,0.08147450860834868
html,0.6842427988675525
htmleditor,0.24245753478627002
http,0.5311171063570682
https,0.9735014451006346
hyperlink,0.13463358809678125
hyperlinks,0.15291481476086854
hyphens,1.2371877365407222
i,0.6923007353842366
icon,0.012890846809289308
icons,0.1016400532015903
id,0.15821032276048094
ide,0.11933430626204397
idea,0.023120013222204108
identical,0.1789424427523103
identity,0.11001929937058974
ieee,0.12328626923891392
ieeetran,2.4440789473684212
ies,0.1480344413499907
if,0.22826272526422398
ignore,0.911467616214253
ignored,0.5270634743449754
image,0.1867010389326176
images,0.3278186494993932
imlement,0.317932416772206
immediate,0.024751678648246518
immediately,0.26668232789178536
imo,0.1986593413575278
impl,0.11331301919147953
implement,0.27100378254252216
implementation,0.5749671018593694
implementations,0.08435448979252474
implemented,0.2859113642042372
implements,0.07261614139504297
implied,0.11654398442549818
import,0.7475377145876855
important,0.08435448979252474
imported,0.1998651583501149
importer,1.900051239032053
imports,0.7288565037325125
improve,0.19783979364183754
improved,0.09269151847346203
improvements,0.1333814451677065
in,4.020835372429206
incidental,0.04798532890958958
incidentally,0.09278961332234298
include,0.428271078556279
included,0.7808227697053668
including,0.2047010642183883
incompatible,0.027399107574758226
incomplete,0.023120013222204108
indeed,0.1016400532015903
indeterminate,1.1406634173787162
index,0.12875987590263535
indexingmust,0.09419631561452411
indicate,0.7219462253926028
indicated,0.16822409640613217
indicating,0.059215682800705466
indicator,0.30926799918252185
indirect,0.04798532890958958
indirectly,0.22024157159034502
individual,0.3324855001433325
infer,0.10493082712345812
info,0.10173907349588523
inform,0.8570042776993119
information,1.0292470550548325
infrastructure,0.23425579972978708
inherited,0.050138547887009735
init,0.14858962190479114
inital,0.12345438841708249
initial,0.7692003001684774
initialization,0.3828653924334546
initializations,0.08744047371388702
initialize,0.08302845708041266
initialized,0.5698002890416154
initializes,0.2871718703000242
initially,0.05652079208973432
initiate,0.119340504464274
initiated,0.06807517844706962
injected,0.10473760588174282
injection,0.3387106875099502
input,0.0002273412282953506
insert,0.7596815219121059
inserted,0.3306488096642438
insertion,0.03990298191470087
inserts,0.45810802458379607
inside,0.21881175467824512
insights,0.1563512454310039
inspection,0.49464144049226444
inspiration,0.023120013222204108
installation,0.2903669849247542
installations,0.15063655724804176
installed,0.6949945203115644
installs,0.11696681341987161
instance,0.006298953318644905
instances,0.6235556238004415
instantiated,0.14129800519353147
instead,0.8835835885273315
instruct,0.10162788582592083
int,1.144442247735125
integer,0.036186960540676695
integers,0.1905825322205301
integration,0.06807517844706962
intelligent,0.08133754033066823
intention,0.08112008467259672
interaction,0.15883258125338656
intercept,0.023120013222204108
interface,0.2506191097792131
internal,0.20051120415719545
internally,0.09672530405487449
interpreted,0.09764539578444453
interruption,0.04798532890958958
intersection,0.116574340322141
into,2.0269478524226856
introduced,0.061988910722332605
invalid,0.04262165143298105
invoke,0.2642804740295659
invoked,0.07199946073512167
involving,0.09115849842077527
irrespectively,0.1305360844341968
is,6.134501500704723
issues,0.3628362142237864
it,2.5951669512749014
italicize,1.070661118203127
item,0.09045539044651821
items,0.6344013354872822
iterate,0.142637859095781
its,0.21690378136157756
itself,0.1834946226136453
jab,0.14139256243065546
jabref,0.2327731205144873
jar,0.4147983672018464
java,0.5966582095237285
javafx,0.07452158945211777
javase,0.07817920069075537
jcomponent,0.1907380073988741
jdbc,0.8316661998176281
jdk,0.11447962280546636
jfx,0.14480268820296266
jni,0.142637859095781
job,0.07594255934999776
joining,0.048540234996361016
joint,0.17527992516200333
journal,0.15213081402639916
jpanel,0.19659740506184914
jump,0.2134408808244458
jurt,0.24462957659934134
just,0.014261134103545754
jvm,0.027399107574758226
keep,0.4340744906289332
keeping,0.13415606039172656
keeps,0.32218523711359603
kept,0.10303956623668777
key,0.9167790202538363
keybinding,0.2629779421215174
keybindings,0.1314889710607587
keyboard,0.17359737293200525
keys,0.12213329351137592
keyword,0.3183450102503085
keywords,0.20160070553761497
kill,1.636247386693852
kind,0.027196331583001
kinds,0.17771323876852735
kit,0.48491506957254005
know,0.28181174164495537
kotlin,0.07240134410148133
kt,0.07240134410148133
label,0.0943717415859988
lang,1.6599912071224552
lang3,0.16224016934519345
language,0.4161912651484144
larger,0.1209540391625468
last,0.6579748013435596
lastly,0.06700128026344296
later,0.5023037501052277
latest,0.3529852063883535
latex,0.16539304702237592
latter,0.16179716100307642
launcher,1.8659524693535123
launching,0.09758959098066969
layout,0.09810834416479483
layouts,0.2468474097801361
lead,0.19599119310074856
leading,0.28569177236872323
leads,0.116574340322141
leaf,0.1595278142693713
least,0.05605543452209981
leave,0.20778598951213953
left,0.13220015526292395
leftover,0.09764539578444453
legally,0.24998624539734687
length,0.17517173469000086
let,0.6098890464568278
lets,0.06543208335955666
liability,0.11654398442549818
liable,0.07057214229495437
library,0.33825753321603297
libre,0.9020945052691578
libreoffice,0.11113451047476172
license,0.12719207179029424
like,0.023608661567438495
limitation,0.027196331583001
limited,0.11654398442549818
line,0.8937817935365175
linebreaks,1.2371877365407222
lines,0.12345438841708249
link,0.6921189291627413
linked,1.2800908027366187
linking,0.2310611094850506
links,0.6290048988122681
linux,0.18538303694692407
list,0.05273628351887915
listener,0.1417732595711378
listeners,0.29741950052905575
listening,0.1024615992490429
listens,0.11843086399120831
listing,0.21211491846914338
lists,0.16295491049146343
live,0.3255477630923989
lives,0.07630957633501195
ll,0.17245947667805966
load,0.3835671898351585
loaded,0.05669628956508216
loader,2.1795551086684073
loading,0.15256761473937092
local,0.8565606936008195
localization,3.348655363328681
localized,0.2998407176270098
locally,0.24550763800291273
located,0.049503357296493036
location,0.0036327711740039006
locking,0.1587411769672867
log,0.012812704344148032
log4j,0.472024442779853
log4j2,0.11001929937058974
logger,0.0696371239504368
logic,0.4533782006877265
long,0.23425579972978708
longer,0.09322943976182291
look,0.8145367198486441
looking,0.2587565050313554
looks,0.12597771699440857
lookup,0.06553798316356782
loop,0.5063325469229277
loss,0.04798532890958958
lots,0.09278961332234298
lyxpipe,0.14893051754001088
m,0.12431753248230189
mac,0.21756712194768113
made,0.5751275150770477
main,0.2013495881332926
maintain,0.08601156918344122
major,0.05749194768645746
make,1.3238138347689978
makes,0.003867922226679168
making,0.12630400968433184
managed,0.08976687151253597
manager,1.1608401055613886
managing,0.2564704314737629
manipulating,0.17723480909022665
manner,0.061988910722332605
manually,0.2850433612564437
map,0.0012360671124685934
mapped,0.14480268820296266
mapping,0.05358637990449564
mark,0.6780221488894277
marked,0.1598380592824649
marker,0.9487305986585912
markers,0.2062438917551307
marking,0.2595723869387729
marks,0.584048924507292
martins,0.0537589368502286
mask,0.3065527581536749
mass,0.09758959098066969
master,0.1836580795134523
match,0.7611586389079998
matched,0.37120800941201565
matches,0.31194800132593214
matching,0.34907562548740245
materials,0.04798532890958958
maximised,0.8267291254285105
maximized,0.8267291254285105
maximum,0.2916875200522377
may,0.6742792898660526
maybe,0.12130029845338663
md,0.0537589368502286
meaning,0.0802011521475998
means,0.44485256445327903
meantime,0.14873036441175738
mechanism,0.13804788740015964
mem,0.13036802223541794
members,0.31718033796478085
memory,0.44260449040949257
mention,0.11229408927198584
menu,1.6388642257805177
merchantability,0.07057214229495437
merely,0.1175492070710941
merge,0.8140652113636373
merged,2.38516624893572
merging,1.2396890250509567
message,0.05345076165999648
messages,0.15157725046725679
met,0.04798532890958958
metadata,0.048540234996361016
method,36.71058307857558
methode,0.06700128026344296
methods,1.2295923059764708
microsoft,0.1563512454310039
might,0.2685235175943002
migrating,0.17218270689107218
migrations,0.7052817261777404
mime,0.3378192664826264
min,0.09322943976182291
minimum,0.21309803888944456
minute,0.2878242429120652
missed,0.1519182753712907
missing,0.06874458685570348
mit,0.027196331583001
mixed,0.16703975275306537
mk,1.3759324333772165
mocked,0.1640705558011244
mocking,0.7521671877223679
mode,0.6493510846725821
model,0.17521525239752195
models,0.1314889710607587
modes,0.19878726147303616
modification,0.36152381778358184
modified,0.3509437435348022
modifier,0.9340940757109714
modifies,0.062158766241150944
modify,0.5259191268334482
monadic,0.28027554421660716
monitor,0.2933568183781582
monitors,0.08841870387506343
more,0.6464676342900639
moreover,0.10692424554032637
most,0.40567107534157065
mouse,0.153803834158637
move,0.0011720924349118203
moved,0.1175492070710941
moves,1.5069383030076757
mr,0.28483899025960024
ms,0.18645887952364582
much,0.1919428635698156
multi,0.15724419405762619
multiple,0.39573148610633213
must,0.31536786437097153
mvvm,0.06553798316356782
mvvmfx,0.10641207985720774
my,0.05605543452209981
n,0.19012361944413364
name,0.017580417989319412
named,0.3777521726697355
names,0.41154339117262667
native,0.10222441117339517
nature,0.1907380073988741
navigating,0.20991081125112682
nbsp,0.19416093998544406
nc,0.2074148089378334
neat,0.13264391010883378
necesary,0.119340504464274
necessary,0.2492702295585852
need,2.382335358921454
needed,0.1016400532015903
needs,0.6701690216044444
negligence,0.04798532890958958
neither,0.04798532890958958
net,0.2685595903635067
never,0.5180732091009602
new,0.9185703448087694
newer,0.18861842115981622
newline,0.21930491666109198
newlines,1.2371877365407222
next,0.031204743138731436
nice,0.05675089001096566
no,2.357576017408301
node,0.0071782313467472735
nodes,0.40654827278410666
non,0.1500470726294385
none,0.013973249458558507
noninfringement,0.027196331583001
nor,0.04798532890958958
normal,0.1295456022856885
normalized,0.15937691533598378
normalizing,0.1290561039851472
normally,0.08610306048513064
not,0.7359004202808106
notable,0.12974339396881363
note,0.018265220403924236
nothing,4.568106051330544
notice,0.14114428458990874
notifications,0.2232848877817977
notified,0.1024615992490429
notifies,0.25802170973330385
notify,0.2329406426781157
now,0.3793671179793564
null,0.11414383700091851
number,0.5301475660575522
numbering,0.15934079934818066
o,0.09506180972206682
object,0.13804905820699065
objects,0.27631111889277077
observable,0.5890555726125554
obtained,0.04359988640528534
obtaining,0.027196331583001
occur,0.27890633545134497
occurrence,0.6389682408520342
occurrences,0.1299561760414412
occurs,0.153803834158637
of,3.183605029736205
off,0.06786043983063644
offer,0.11543254881130019
offered,0.11145301865661347
offering,0.06485599881300887
office,0.6815074071795183
ok,0.23431415195876562
old,0.9273910830608622
omitted,0.12133307194087666
on,3.85128793640209
once,0.20047645552022045
one,2.8453440443503073
ones,0.2758465754529713
only,1.622176213969614
onto,1.450438039996404
oo,0.09902289281928839
open,0.5915854390972072
opened,0.19974159766854405
opening,0.04245597139610323
openjdk,0.11447962280546636
openoffice,0.08245817864854657
opens,0.023094184162784154
operate,0.24486945482511566
operation,1.0754638452690441
operations,0.31490374946479044
opportunity,0.0881156420696792
opt,0.10692424554032637
optimistic,0.027399107574758226
option,0.2585483642738098
optional,0.7142688277891398
options,0.02152472995050008
or,3.319862540949122
oracle,0.876979262291363
oraclejdbdc6,0.11891680661152515
order,0.7719717393920479
ordinary,0.11514992425787357
org,0.6374005279736022
original,0.005463605394795464
oses,0.15389396798939806
osx,0.059215682800705466
other,0.2113991026565773
otherwise,1.267676837229605
our,0.4132342708603317
ourselves,0.10473760588174282
out,0.7882063432040327
outline,2.9317297032999763
output,0.48758157892142945
outside,0.14837430408769078
over,0.0004154983708162807
overhead,0.05358637990449564
override,0.7082119246875918
overshadows,0.0174092809876092
overwrite,0.44178325497196935
overwriting,0.29863151513421876
overwritten,0.348057156441209
own,0.2010259793819416
owner,0.5427144290601091
p,0.002076729590796789
package,0.11891680661152515
padding,0.27549534854040514
page,0.002143593108724558
pair,0.09718783794912321
pane,1.2678874641564593
panel,0.004822508966921433
panels,0.12068431503601965
paperclip,2.0419172441025832
parameter,0.47580822240844384
parameters,0.3542847308102091
paranoia,0.17319037091901607
parent,0.05807074948652893
parse,0.5703337442691957
parsed,0.3132044455620069
parser,0.2149348228298466
parserwarnings,0.0716449409432822
parsing,0.292452193622123
part,0.24275358787517887
particular,0.07057214229495437
parts,0.14277760891142716
pass,0.23441504583407474
passed,0.005972044524919952
password,0.23834079844112294
paste,0.2052979878629165
pasted,0.14858962190479114
pasting,0.05605543452209981
path,0.4102163175872846
paths,0.34872878322101186
pattern,1.2732429745534257
patterns,0.2487101262274998
pdf,0.11742405336302317
pdfbox,0.1377534564116447
pdffile,0.036186960540676695
pdfs,0.21828836520081074
pdpage,0.13264391010883378
per,0.30844170138342963
perceived,0.09278961332234298
perfectly,0.027399107574758226
perform,1.5645843592429989
performance,0.10473760588174282
performed,0.1611521607386862
performing,0.11503297462170382
performs,0.12880007012073086
permission,0.2235640765817167
permit,0.027196331583001
permitted,0.04798532890958958
permutation,0.34026864150671243
person,0.14752765649601918
persons,0.027196331583001
picker,0.09248005288881643
pipe,0.11113451047476172
place,0.2060625117292662
placeholder,1.1932309386488136
plain,0.18163683837103947
platform,0.07817920069075537
plugin,0.3717893172421015
plus,1.6492041411501441
point,0.1848124451967745
policy,0.1695623762692029
poll,0.1363323737491105
populated,0.1695457724506464
popup,0.3197033828527027
portions,0.027196331583001
pos,0.5833750401044754
position,0.21433998634098586
possibility,0.22921155795578801
possible,0.000163348778817739
possibly,0.31456867465238547
post,0.05595666117007177
posts,0.16970929297068066
potential,0.061988910722332605
powerpoint,1.905335132510642
pre,0.14875069343377642
pref,0.17262792155827825
preference,0.37492447331341733
preferences,0.16968722826815058
preferred,0.2221096687585653
prefix,0.24596288746285705
prefs,0.3284781075236964
present,0.3287045516958558
presents,0.14848489387584404
presets,0.12243778597469515
pressed,0.2054303897935294
presses,0.28128287182683787
pretend,0.1655563397500581
prevent,1.329871922878109
preview,0.007710949113055448
previous,0.17060750945837586
previously,0.20491814480137252
print,0.982876374014261
printed,1.1042008604409903
printer,0.07594255934999776
printing,0.07594255934999776
prints,0.459137531502228
prior,0.04798532890958958
priority,0.07011209930391774
private,0.1424369574839215
problem,0.148639659238736
problems,0.03990298191470087
proceed,0.13293668830363556
process,0.1127227040010371
procurement,0.04798532890958958
production,0.09115849842077527
products,0.04798532890958958
profit,0.027399107574758226
profits,0.04798532890958958
program,0.3306320501497013
progress,0.13503449837061382
prohibits,0.03990298191470087
promote,0.04798532890958958
prompts,0.17083985497846477
propagate,0.13804788740015964
propagated,0.05358637990449564
propagation,0.12900124866669196
proper,0.23170020369545385
properties,0.6069218551643492
property,0.9439217566712235
protected,1.2992876903397832
provide,0.04576603464943052
provided,0.6419944603820872
provider,0.058962860235255904
providers,0.512647873442234
provides,0.16822500103113647
ps,0.33308222858338654
pseudo,0.6269788310766877
public,0.0696371239504368
publish,0.027196331583001
publishing,0.1209540391625468
purpose,0.07057214229495437
push,0.8539882474031114
pushing,0.4831247975375561
put,0.021381661222238266
puts,0.01167118410157328
pw,0.5833750401044754
q,0.059215682800705466
queried,0.04359988640528534
query,0.15896630946119925
question,0.27225307430518736
questions,0.27529943928806533
quick,0.20991081125112682
quicker,0.05358637990449564
quit,0.17764704840211637
quitting,0.11998048222567491
quote,0.16464576290278543
r,0.7267430058671367
radio,0.36061562393664287
raising,0.17446929583455184
ranking,1.4392671057336437
rather,0.20696122690678492
ratio,0.16208737882308522
rationale,2.381054834161543
re,0.2749356019798784
react,0.2018328640450672
read,0.0001599301060338593
reader,0.0716449409432822
readme,0.0537589368502286
real,0.7521671877223679
really,0.16028474211784866
reason,0.5318452071459778
reasonable,0.17864731141546716
reasonably,0.12784303391758492
reasons,0.14005466556748236
rebuilding,1.1581390049893798
recalculate,0.12844850472752428
recall,0.023120013222204108
received,1.5621738313110494
receiving,0.06096504130152
recent,0.17933987392193332
recommendations,0.1688826804245091
recorded,0.14184727481468107
records,0.20656227097399038
recursion,0.07237392108135339
recursive,0.2410203160557015
recursively,0.036186960540676695
red,0.07190731552741615
redefined,0.1647478366569264
redistribution,0.04798532890958958
redistributions,0.09597065781917916
redo,0.12626337940832613
redraw,0.3204015305032246
ref,0.14139256243065546
refactoring,0.15202750018204364
reference,0.16701661439022905
references,0.3368537831873738
referring,0.37103639995531884
reflect,1.224602173022825
reflected,0.2379631098659262
reflection,0.47348650951784005
reflective,0.8741484318320082
refresh,0.007218838195908501
refused,0.08744047371388702
regarding,0.1290561039851472
regardless,0.12243778597469515
regex,0.13020273626167203
register,1.3879574282610456
registered,0.06255445877725975
registers,0.06096504130152
reinitialize,0.18218665264680697
related,0.40098012647824327
relative,0.31743944935830015
relativize,0.07630957633501195
relay,0.13033064430230867
relayout,0.10473760588174282
release,1.4536917265972873
releases,0.21128527334861397
relevant,0.7459451302093959
reloaded,0.024751678648246518
reloading,0.15545941843255712
reloads,0.2210971421820664
rely,0.15546431126434251
remaining,0.116574340322141
remember,0.5302165956178659
remind,0.06485599881300887
remote,2.355942874471621
removal,0.9289272234976744
remove,1.254058984652608
removed,1.900683821426985
removes,0.08150973565241071
removing,0.35321965074768025
rename,0.23391004022906914
renamed,0.1452349811762029
rendered,0.15756459457150207
rendering,0.23156442346368114
reordering,0.1617253640483207
repaints,0.17933987392193332
repeat,0.14895718208869319
replace,0.6522863958872201
replaced,0.22611536447714664
replacing,0.24920439193619465
report,0.6981581457348032
reported,0.10870273866700918
reporting,0.15672842722779318
repository,0.000259796144672631
representation,0.09658351610133424
representing,0.4063864998640619
represents,0.10594124619788128
reproduce,1.1811008501251417
request,0.14881926101961918
requested,0.05963442451825304
require,0.1364865556751363
required,0.6537586205356716
requirements,0.027399107574758226
reserved,0.07057214229495437
reset,0.8368628384848887
residing,0.7223167634293907
resize,0.1695623762692029
resizing,0.1617253640483207
resolve,0.2578580598722898
resolved,0.39817967714979985
resolves,0.04359988640528534
resource,0.06440707473652223
respect,0.12488466248476437
respectively,0.15789232697911254
responsible,0.2643688370745529
rest,0.13033064430230867
restart,0.1364865556751363
restore,0.40752028762661363
restriction,0.027196331583001
restricts,0.1905825322205301
result,0.0010431133308088528
resulting,0.00019184855456478737
results,0.5748975131328653
retain,0.04798532890958958
retrieve,1.4907019543333733
return,0.31268232073451385
returned,0.39861795755974033
returning,0.9983788410839677
returns,0.900335349733805
reuse,0.6410467515510763
reused,0.32508847160318993
revert,3.2725630410803572
review,0.17218270689107218
rework,0.2086620311462148
rewritten,0.044448461996135884
rich,0.2810743144168851
richtextfx,0.0537589368502286
right,0.6654244741350732
rights,0.09517244245936496
robust,0.05605543452209981
role,0.11843086399120831
root,0.888679870758601
row,0.9903639424136671
rss,0.34182803343722085
rtf,0.21491018571297216
rule,0.9698301391450801
rules,0.1290561039851472
run,0.23288587781282777
runnable,0.2256939088921781
running,0.011019975540796223
runs,0.0690711590242366
s,0.03080930614139863
s1,0.19784996525342627
s2,0.19784996525342627
safe,0.0916418562283102
same,0.720704172358926
save,0.12555521899011116
saved,0.7411809098355522
saves,0.34675751128615784
sb,0.19416093998544406
scence,0.08976687151253597
scene,0.0003127759598323584
score,0.11540994499344573
scrollbar,0.1918886494957228
scrolls,0.1291307817435972
search,0.007412374950088299
searchbar,0.1125619850425564
searches,0.3706913594467712
searching,0.2524422772522882
second,0.49371930273726217
section,0.07454568835382827
sections,1.301452656248679
see,1.319112091309185
seems,0.15680150011935495
seen,0.19477179751748522
select,0.15203367697579437
selected,0.0018750886610794974
selection,0.9123694134834625
selector,0.547337737053075
selects,0.37002116126714757
sell,0.027196331583001
send,0.6013190144358171
sense,0.1889795244166865
separate,0.22249602410256844
separator,0.14399937733287788
separators,0.6389682408520342
sequence,0.10965245833054599
sequential,0.09115849842077527
sequentially,0.1788886132437683
serialization,0.0916418562283102
serialize,0.1798660404378138
server,0.025857242910248643
service,0.29440424856336606
servicemanager,0.11313574700644788
services,0.04798532890958958
set,0.001185294297038941
sets,0.2173793596147489
setted,0.15724419405762619
setting,0.7113179548370702
settings,0.6196399705489518
several,0.36815206123688204
shall,0.19214100044985855
shared,0.5566445544771192
sheet,1.3708154847858602
shift,0.6393749755472266
shifting,0.043623545318116415
shiftwidth,0.14641048075311888
short,0.1071702779001597
shortcuts,0.17359737293200525
shot,0.15817397399222688
should,1.4541940416648562
show,0.0053966726868513665
showing,0.4134868893638308
shown,1.2288675387239294
shows,0.6979343450347149
side,0.6458955709312575
signals,0.30721075689360083
similar,0.29641330363531726
simple,0.4061434302893602
simplify,0.1295456022856885
simply,0.44958640654375753
since,1.1785980328299568
single,0.3673900787033728
sits,0.05749194768645746
situation,0.12130029845338663
size,0.07518630991105527
slightly,0.07556588413242714
small,0.15691085477888836
smarter,0.10493082712345812
smith,0.12833950738012967
smoother,0.3372362273342632
so,2.0128481753593404
socket,0.11113451047476172
softtabstop,0.14641048075311888
software,0.35931822787132656
some,1.2986051790493813
somefile,0.1416084854302402
somehow,0.3365015336446359
something,0.19027101233520338
somewhere,0.06096504130152
soon,0.5423731820306177
sort,0.3545130434714952
sorted,0.12070453399504648
sorting,0.379468229237265
source,0.7356056505446811
sources,0.0919310233909774
space,0.6318562297981442
spaces,0.1051069142066206
special,0.32128371846839854
specific,0.6242716965586785
specified,0.8176446551105552
specifies,0.29223629993631695
specify,0.09414527426789704
split,0.08038588220271828
splitting,0.12861753701495404
src,0.10879234861380485
stable,0.18653136021226838
stack,0.32484937789083773
stackoverflow,0.5521322714070893
stamp,0.322874004360672
standard,0.3745271318431355
stands,0.15047285947374578
star,0.7814147648766997
start,0.09043968016421478
started,0.24547865828860277
starting,0.2844315719781594
starts,0.19075658659036626
startup,0.23174751326977835
state,0.004628014059323614
states,0.036186960540676695
static,0.17359737293200525
statistics,0.5438135577660463
status,0.9961895045072668
step,0.023120013222204108
steps,1.7694809867684649
still,0.2802475754804918
storage,0.10306773827343503
store,0.21359716345619228
stored,0.9383590557092811
stores,0.28910481433138446
storing,0.41054324934832886
strategy,0.18620600339987786
stream,0.0773453522032718
streams,0.6618313944819265
strict,0.04798532890958958
string,0.32337086420247846
strings,0.16464576290278543
strip,0.17808575831751713
stripped,0.17864731141546716
structure,0.33164880573544975
structures,0.1209540391625468
stub,67.95102700837711
stubs,0.11891680661152515
stuff,0.09278961332234298
style,0.028464266292694607
styleable,0.044448461996135884
stylesheet,0.09913254693757281
sub,0.4534675200708337
subgroup,0.07261614139504297
subgroups,0.083849738683661
subject,0.027196331583001
sublicense,0.027196331583001
submenu,0.15476832708329188
submits,0.15817397399222688
submitted,0.12640611976348243
subscribe,1.1581390049893798
subscription,0.11978859309723769
substantial,0.027196331583001
substitute,0.04798532890958958
subtree,0.6830745720798188
successful,0.18731851555031298
successfully,0.28548306138759844
such,0.3899526900159136
suffix,0.004242876035220482
suggested,0.14666577875597436
suggestion,0.06953554450983274
suggestions,0.036453444164199836
sums,0.05652079208973432
sun,0.04942746650912855
super,0.050138547887009735
supplied,0.11464960123663906
supplier,0.15455381308464405
support,0.5190435598537281
supported,0.09968305670622518
supports,0.023120013222204108
supposed,0.25331207357587987
sure,0.06312231655898481
sw,0.159527163408793
swing,0.8058546907418116
switch,0.5914154264620155
switched,0.1655563397500581
switching,0.18096931801753635
sync,0.2643924721966685
synchronize,0.15839748045691426
synchronized,0.03990298191470087
syntax,0.0537589368502286
system,0.24053333449951503
t,1.0270021008997625
tab,0.07087098213348264
tabbed,0.043623545318116415
table,1.02505880997517
tables,0.29542786258436654
tabs,0.2450392472808921
tag,0.37853675236955253
take,0.5521695922124945
taken,0.29092830031327016
takes,0.3848223396872631
taking,1.53933150239074
target,0.84065263654416
task,0.4539513627579862
tasks,3.207486728125328
te,0.8387914836376752
tears,0.059215682800705466
tempfile,0.11479196766625696
template,0.09892678957382409
temporal,0.3587247097325842
temporary,0.021199793484585817
term,0.06053296238520453
terminates,0.027399107574758226
terms,1.2992876903397832
test,0.4188656435542238
testable,0.09115849842077527
testing,0.0881156420696792
tests,0.2898802952945841
tex,0.1290561039851472
text,0.11958997372291608
textfieldssetupclearbuttonfield,0.12630400968433184
texts,0.22656632446485567
than,0.4135851052321734
that,3.3819943547191915
the,6.263444109020536
their,0.6425987223747638
them,1.0764423861935346
theme,0.33757413809499504
themselves,0.06096504130152
then,1.0804886493131292
theory,0.04798532890958958
there,0.039912827217425256
therefore,0.2943235416847302
these,0.5084901614895043
they,0.5734000168591312
things,0.39297361229948313
think,0.19878714686721982
thinking,0.12429880782266575
this,4.301055897635146
those,0.33232993540489336
though,0.17245947667805966
thread,0.40324560749871496
threads,0.4702703607151514
thresholds,0.1333814451677065
through,0.02599615860513555
throw,0.13720918678728625
throwable,0.05222784296282759
thus,0.3744609308200605
time,0.48235220346632884
timeout,0.1363323737491105
times,0.13276107776665902
timestamp,0.6947463835985122
tip,5.47082583881355
title,0.17615286693819626
titles,0.8347959492334721
tmp,0.11479196766625696
tmpfile,0.1211588613550847
to,6.5907890132071545
todo,2.029158199494526
todoswing,0.05358513895007985
together,0.2658066624339267
toggle,0.34760189553129506
too,0.002769377626276806
tool,5.47082583881355
toolitp,0.05675089001096566
tools,0.15063655724804176
tooltips,0.3459090765087319
top,0.4837627019464329
tornadofx,0.046240026444408215
tort,0.07057214229495437
total,0.14138852098187224
track,0.8521890676826401
transform,0.046240026444408215
transition,0.20461274814542976
treat,0.20810356905792074
treated,0.21081411531561622
tree,0.44574029845395613
tries,0.027399107574758226
trigger,0.24984131370288476
triggered,0.10870273866700918
triggers,1.5688396034238359
trim,0.1051069142066206
trimmed,0.08376535736622756
true,0.2097331258494415
try,1.7906420795923275
trying,0.11732876816809223
tunnel,0.07355917087448573
turn,0.11514992425787357
turned,0.024751678648246518
twice,0.34760189553129506
twitter,2.0419172441025832
two,0.03394532520821652
type,0.14141004917737326
types,0.0217196824720121
typical,0.08376535736622756
ugly,0.5584513570013192
ui,0.6494086669339132
un,0.5445668778894281
unavailable,0.1948347611773546
unchanged,0.11229408927198584
under,0.09896319707614042
underlying,0.2517883405010529
undesired,0.062158766241150944
undo,1.0750098236973444
undoable,0.002171773843869687
undoes,0.03990298191470087
undone,0.27151350963924065
unexpected,0.09278961332234298
uniqiefiers,0.15934079934818066
unique,0.18381377416524855
uniquefiers,0.24799849821273046
uniquefy,0.21808452885973534
unit,0.09708046999272203
unknown,0.02839893866253175
unless,0.24597420403776674
unlikely,0.27683627141867123
unlinked,0.13731449664166187
uno,0.2903669849247542
unoidl,0.11313574700644788
unstable,0.09430921057990811
unsuccessful,0.21645946311499276
unsupported,0.22280228327395474
until,0.7700457868285165
up,0.03421596800491128
update,0.1746770747800679
updated,0.5129943892432907
updatefield,0.12133307194087666
updates,0.002846123484252071
upgrade,0.061988910722332605
upload,1.728224797439489
upon,0.30200195786886475
url,0.12212959006102786
urleditor,0.14858962190479114
urls,0.25904500276666803
us,0.16885593185392914
usage,0.1641989777236722
use,1.1430093574249705
used,2.3600550411943626
useful,0.17656780380888365
user,1.4396818002797396
username,0.11001929937058974
users,0.23656832748735118
uses,0.027399107574758226
using,0.5451853435132177
usually,0.024751678648246518
utf,0.18423190229528993
util,0.30559289866689804
utilities,0.05358513895007985
utilizing,0.12125567433347645
utils,0.2228962102517183
valid,1.1671729566536482
validation,0.35877032161508343
validator,0.10641207985720774
value,0.45527534997612895
values,1.404532012026841
variable,0.24516119010474519
variables,0.17359737293200525
various,0.2948729016199634
vars,0.14895718208869319
vbox,0.11838345190338288
verify,0.05749194768645746
version,0.229671660922738
versions,0.4018936556850337
very,0.24884527130828735
via,0.46787238352878513
view,0.025030408657947357
viewed,1.4604610459430802
viewer,1.6179159320231753e-05
viewport,0.24217990216960011
vim,0.14641048075311888
visble,0.08976687151253597
visibility,0.1270416491501234
visible,0.9088717302529171
visual,1.6656970799176818
visualize,0.09239090453410999
vm,0.024751678648246518
void,0.0696371239504368
wait,1.1460771910757677
waits,0.964815990220079
want,1.8133794530899193e-05
wants,0.061390560190077645
warn,0.5859827761142945
warning,0.21214717659673143
warnings,0.15863825902399448
warranties,0.11654398442549818
warranty,0.027196331583001
was,1.7041553750444396
watch,0.33097316797594656
watched,0.024751678648246518
watchservice,0.08841870387506343
way,0.07060638176789283
ways,0.11011451225119712
we,2.934234275406951
weak,0.17202313836688243
web,0.001409048044143741
website,0.04798532890958958
well,0.11479196766625696
were,0.2679755557042801
what,0.18029278056533557
when,2.5569050867519763
whenever,0.06096504130152
where,0.5442018155008662
whether,0.21754726411908684
which,1.341022949917974
while,0.42606809075143903
whitespace,0.08376535736622756
whole,0.353211526201138
whom,0.027196331583001
widgets,0.06810993129310601
width,0.029281783868238653
will,2.6843098147044913
win,0.910482168947502
window,0.09257231926380408
windows,1.4953014480145168
with,1.5054173568444975
within,0.2872865781241827
without,0.003487395899940895
wizard,0.14840383251650227
woky,0.09269151847346203
won,0.1690966543236769
words,0.09419631561452411
work,0.07924391710178089
workaround,0.5044450941527494
worker,0.5600535270033999
working,0.12990769521143444
works,0.09317550227615942
would,0.19330629219168816
wrap,0.5062937408357864
wrapped,0.27412584269943363
wrapper,0.4157154885328414
wraps,0.33486641074196916
writable,0.6203733031032832
write,0.5311008245577602
writer,0.08804031180383907
writes,0.06446695349507099
writing,0.1429351553402493
written,0.17495832948585838
wysiwyg,0.09081841918551974
x,0.7903196465663679
xhtml,0.08245817864854657
xiv,0.9838199573934436
xlib,0.08744047371388702
xml,1.1216003784326074
xmp,0.13966744799689734
xnamed,0.1614995623128662
xtext,0.5774103271793389
xubuntu,0.3717743812575579
y,0.5833750401044754
year,0.13079965921585598
yellow,0.0741566609215212
yes,0.21612895399579746
you,0.11048631976541737
zero,0.11540994499344573
zip,1.5639946252474564
